{
    "epoch": 9.917355371900827,
    "num_input_tokens_seen": 3213944,
    "total_flos": 1.451268534654075e+17,
    "train_loss": 1.2142116362707955,
    "train_runtime": 2388.8815,
    "train_samples_per_second": 7.087,
    "train_steps_per_second": 0.44
}